{"cameraMode":{"drawMode":0,"name":"Shaded","section":"Shading Mode"},"sceneLighting":false,"audioPlay":false,"sceneViewState":{"m_AlwaysRefresh":false,"showFog":true,"showSkybox":false,"showFlares":true,"showImageEffects":true,"showParticleSystems":true,"showVisualEffectGraphs":true,"m_FxEnabled":true},"in2DMode":false,"pivot":{"x":0.013233423233032227,"y":1.330100655555725,"z":4.102273941040039},"rotation":{"x":-0.029906021431088449,"y":-0.8668298721313477,"z":0.052335917949676517,"w":-0.4951079189777374},"size":0.9861781001091003,"orthographic":false}