{"cameraMode":{"drawMode":0,"name":"Shaded","section":"Shading Mode"},"sceneLighting":false,"audioPlay":false,"sceneViewState":{"m_AlwaysRefresh":false,"showFog":true,"showSkybox":false,"showFlares":true,"showImageEffects":true,"showParticleSystems":true,"showVisualEffectGraphs":true,"m_FxEnabled":true},"in2DMode":false,"pivot":{"x":-0.23000000417232514,"y":2.0199999809265138,"z":10.479999542236329},"rotation":{"x":-0.10920940339565277,"y":-0.8489156365394592,"z":0.19323842227458955,"w":-0.4798266291618347},"size":0.00001706443254079204,"orthographic":false}