{"cameraMode":{"drawMode":0,"name":"Shaded","section":"Shading Mode"},"sceneLighting":true,"audioPlay":false,"sceneViewState":{"m_AlwaysRefresh":false,"showFog":true,"showSkybox":true,"showFlares":true,"showImageEffects":true,"showParticleSystems":true,"showVisualEffectGraphs":true,"m_FxEnabled":true},"in2DMode":false,"pivot":{"x":0.23723018169403077,"y":1.1796118021011353,"z":-4.867525100708008},"rotation":{"x":-0.1851191520690918,"y":-0.24417848885059358,"z":0.04754616320133209,"w":-0.9507150053977966},"size":1.5570119619369507,"orthographic":false}