{"cameraMode":{"drawMode":0,"name":"Shaded","section":"Shading Mode"},"sceneLighting":true,"audioPlay":false,"sceneViewState":{"m_AlwaysRefresh":false,"showFog":true,"showSkybox":true,"showFlares":true,"showImageEffects":true,"showParticleSystems":true,"showVisualEffectGraphs":true,"m_FxEnabled":true},"in2DMode":false,"pivot":{"x":4.1640424728393559,"y":0.8292825222015381,"z":-6.729446887969971},"rotation":{"x":0.012939068488776684,"y":0.9472006559371948,"z":-0.03853593021631241,"w":0.318062424659729},"size":5.248645305633545,"orthographic":false}