{"cameraMode":{"drawMode":0,"name":"Shaded","section":"Shading Mode"},"sceneLighting":true,"audioPlay":false,"sceneViewState":{"m_AlwaysRefresh":false,"showFog":true,"showSkybox":true,"showFlares":true,"showImageEffects":true,"showParticleSystems":true,"showVisualEffectGraphs":true,"m_FxEnabled":true},"in2DMode":false,"pivot":{"x":5.967981338500977,"y":0.8606745004653931,"z":-4.990936756134033},"rotation":{"x":0.01681547425687313,"y":0.9023669958114624,"z":-0.035356324166059497,"w":0.4291921854019165},"size":5.248645305633545,"orthographic":false}