{"cameraMode":{"drawMode":0,"name":"Shaded","section":"Shading Mode"},"sceneLighting":false,"audioPlay":false,"sceneViewState":{"m_AlwaysRefresh":false,"showFog":true,"showSkybox":false,"showFlares":true,"showImageEffects":true,"showParticleSystems":true,"showVisualEffectGraphs":true,"m_FxEnabled":true},"in2DMode":false,"pivot":{"x":0.23723018169403077,"y":1.2960771322250367,"z":0.22247478365898133},"rotation":{"x":-0.27947571873664858,"y":0.17644630372524262,"z":-0.05232901871204376,"w":-0.9423509240150452},"size":1.648325800895691,"orthographic":false}