{"cameraMode":{"drawMode":0,"name":"Shaded","section":"Shading Mode"},"sceneLighting":false,"audioPlay":false,"sceneViewState":{"m_AlwaysRefresh":false,"showFog":true,"showSkybox":false,"showFlares":true,"showImageEffects":true,"showParticleSystems":true,"showVisualEffectGraphs":true,"m_FxEnabled":true},"in2DMode":false,"pivot":{"x":14.856021881103516,"y":2.380000114440918,"z":13.628015518188477},"rotation":{"x":-0.10920940339565277,"y":-0.8489156365394592,"z":0.19323842227458955,"w":-0.4798266291618347},"size":14.757076263427735,"orthographic":false}