{"cameraMode":{"drawMode":0,"name":"Shaded","section":"Shading Mode"},"sceneLighting":false,"audioPlay":false,"sceneViewState":{"m_AlwaysRefresh":false,"showFog":true,"showSkybox":false,"showFlares":true,"showImageEffects":true,"showParticleSystems":true,"showVisualEffectGraphs":true,"m_FxEnabled":true},"in2DMode":false,"pivot":{"x":-0.10178065299987793,"y":1.8750436305999756,"z":0.07285785675048828},"rotation":{"x":-0.17598268389701844,"y":0.14264501631259919,"z":-0.025810256600379945,"w":-0.9736987948417664},"size":2.7506768703460695,"orthographic":false}