{"cameraMode":{"drawMode":0,"name":"Shaded","section":"Shading Mode"},"sceneLighting":false,"audioPlay":false,"sceneViewState":{"m_AlwaysRefresh":false,"showFog":true,"showSkybox":false,"showFlares":true,"showImageEffects":true,"showParticleSystems":true,"showVisualEffectGraphs":true,"m_FxEnabled":true},"in2DMode":false,"pivot":{"x":2.178976535797119,"y":0.3767193853855133,"z":4.108883857727051},"rotation":{"x":-0.07365879416465759,"y":-0.33610305190086367,"z":0.026367826387286187,"w":-0.9386565685272217},"size":3.8272368907928469,"orthographic":false}